"","vectordata","Freq"
"1","가격",10
"2","가계소득",1
"3","가교",1
"4","가난",1
"5","가능",8
"6","가능성",78
"7","가닥",5
"8","가량",5
"9","가를",1
"10","가수",2
"11","가슴",2
"12","가열",1
"13","가운",1
"14","가운데",140
"15","가정",2
"16","가족",1
"17","가중",5
"18","가지",37
"19","가지야마",3
"20","가짜",1
"21","가축",1
"22","가치",8
"23","가칭",2
"24","가톨릭",2
"25","각론",2
"26","각료회의",5
"27","각본",14
"28","각오",37
"29","각종",3
"30","각지",1
"31","간극",2
"32","간단",1
"33","간담회",1
"34","간략",1
"35","간부",7
"36","간부회의",6
"37","간사",3
"38","간사단",5
"39","간사장",3
"40","간섭",1
"41","간주",1
"42","간협",2
"43","갈등",46
"44","갈림길",2
"45","갈태웅",2
"46","감사",1
"47","감소",1
"48","감수",1
"49","감안",1
"50","감축",27
"51","감행",3
"52","갑자",1
"53","갑작",2
"54","갑질",2
"55","강경",4
"56","강경화",45
"57","강공",1
"58","강구",6
"59","강국",1
"60","강권",1
"61","강기석",1
"62","강기정",36
"63","강나훔",3
"64","강대",1
"65","강대국",2
"66","강도",7
"67","강력",19
"68","강문규",7
"69","강민수",1
"70","강병원",1
"71","강선",1
"72","강세",1
"73","강아지",1
"74","강압",1
"75","강연",2
"76","강요",7
"77","강원도",2
"78","강원도민일보",1
"79","강제",5
"80","강제동원",5
"81","강제징용",17
"82","강조",58
"83","강주헌",4
"84","강추위",1
"85","강행",61
"86","강행군",1
"87","강화",34
"88","같은날",1
"89","개각",2
"90","개국",4
"91","개발",3
"92","개별",1
"93","개선",9
"94","개설",1
"95","개성",1
"96","개월",14
"97","개입",3
"98","개정",8
"99","개정안",21
"100","개최",56
"101","개최사실",1
"102","개탄",2
"103","개편",2
"104","개편안",3
"105","개헌",3
"106","개혁",28
"107","개혁법안",2
"108","갱신",4
"109","거기",1
"110","거대",1
"111","거란",1
"112","거래",1
"113","거론",15
"114","거리",3
"115","거부",27
"116","거수",2
"117","거액",2
"118","거절",5
"119","거짓말",2
"120","거취",2
"121","걱정",8
"122","건강",3
"123","건국",1
"124","건물",2
"125","건의",2
"126","검증",1
"127","검찰",41
"128","검찰조사",1
"129","검찰청",1
"130","검토",36
"131","겉돌았고",1
"132","겉핥기",1
"133","게시",2
"134","게이",1
"135","게이단렌",3
"136","게임",1
"137","게재",2
"138","게티이미지",1
"139","겐이치로佐佐江賢一郞",1
"140","겠다는",1
"141","겨냥",2
"142","겨울",1
"143","격려",1
"144","격렬",2
"145","격론",1
"146","격차",5
"147","격화",2
"148","견제",5
"149","견지",2
"150","견해",13
"151","결과",87
"152","決起",1
"153","결단",4
"154","결렬",11
"155","결례",2
"156","결론",14
"157","결박",1
"158","결별",1
"159","결부",1
"160","결사항전",1
"161","결심",1
"162","결의",4
"163","결의안",43
"164","결자해지",2
"165","결전",1
"166","결정",189
"167","결집",3
"168","경고",3
"169","경기",1
"170","경기대회",4
"171","경기도",2
"172","경기도지사",1
"173","경기부양",1
"174","경남",5
"175","경남도",1
"176","經團連",1
"177","경련",2
"178","경례",2
"179","경로",1
"180","경비",2
"181","경색",5
"182","경선",2
"183","경술",1
"184","경우",29
"185","경유",2
"186","경쟁",3
"187","경쟁력",1
"188","경쟁률",1
"189","경제",48
"190","경제계",2
"191","경제력",1
"192","경제보복",7
"193","경제안보",2
"194","경제전쟁",1
"195","경제ㆍ산업",1
"196","경찰",1
"197","경청",1
"198","경향",12
"199","京鄕",1
"200","傾向",1
"201","경험",4
"202","경호",18
"203","경희",1
"204","계기",20
"205","계단",12
"206","계도",1
"207","계산",2
"208","계산법",1
"209","계속",1
"210","계열",2
"211","계정",1
"212","계층",1
"213","계파",2
"214","계획",23
"215","고가",1
"216","고강도",1
"217","고노",106
"218","고도",1
"219","고도화",2
"220","고려",9
"221","고립",4
"222","고문",1
"223","고민",22
"224","고발",1
"225","고범준",1
"226","고비",3
"227","고삐",1
"228","고성윤",1
"229","고수",10
"230","고심",5
"231","고언",3
"232","고용",1
"233","고위",30
"234","고위간부",1
"235","고위공직자",44
"236","고위공직자범죄수사처공수처법",9
"237","고위공직자범죄수사처공수처법과",1
"238","고위관계자",2
"239","고위급",5
"240","고위급회담",5
"241","고위당국자",6
"242","고위인사",1
"243","고위직",1
"244","고위회담",9
"245","고율",1
"246","고전",1
"247","고조",4
"248","고지",1
"249","고집",2
"250","고통",1
"251","고향",1
"252","곡기",2
"253","골몰",1
"254","골자",4
"255","골프",1
"256","곱지",1
"257","곱하기",1
"258","공간",4
"259","공갈",2
"260","공감",11
"261","공개",14
"262","공개홀",8
"263","공개회의",6
"264","공격",3
"265","공고",1
"266","공관",1
"267","공교",1
"268","공단",1
"269","공동",46
"270","共同",1
"271","공동기자회견",14
"272","공동대응",1
"273","공동대표",4
"274","공동성명",6
"275","공동이익",1
"276","공동조사",2
"277","공동체",1
"278","공동회",1
"279","공방",23
"280","공백",2
"281","공부",1
"282","공사",1
"283","공산",1
"284","공산당",1
"285","공산세력",1
"286","공세",4
"287","공수",60
"288","공식",40
"289","공약",4
"290","공영",1
"291","공유",64
"292","공은",2
"293","공이",2
"294","공장",3
"295","공전",2
"296","공정",18
"297","공조",9
"298","공중",53
"299","공지",1
"300","공직",4
"301","공직선거",4
"302","공직자범죄",1
"303","공천",4
"304","공통",2
"305","공평",4
"306","공표",1
"307","공헌",1
"308","공화",1
"309","공화당",14
"310","공훈",1
"311","과감",10
"312","과거",3
"313","과거사",1
"314","과도",9
"315","과반",3
"316","과반수",1
"317","과시",1
"318","과언",1
"319","과장급",1
"320","과정",7
"321","과제",4
"322","관건",1
"323","관계",107
"324","관계개선",1
"325","관계국",21
"326","관계규정",1
"327","관광",9
"328","관련",284
"329","관료",7
"330","관리",4
"331","관방장관",12
"332","관세",1
"333","관심",46
"334","관여",1
"335","관은",6
"336","관이",3
"337","관저",32
"338","관점",6
"339","관철",9
"340","관측",8
"341","관훈클럽",1
"342","광역",2
"343","광장",103
"344","광화문",4
"345","광화문광장",1
"346","교도",2
"347","교도통신",27
"348","교두보",1
"349","교류",7
"350","교섭단체",5
"351","교수",26
"352","교수님",1
"353","교역대상국",1
"354","교육",2
"355","교착",6
"356","교착상태",3
"357","교체",2
"358","교통방송",1
"359","교통사고",2
"360","교환",15
"361","구단",1
"362","구동존이求同存異가",1
"363","구로",1
"364","구멍",1
"365","구상",5
"366","구성",4
"367","구시대",1
"368","구윤성",1
"369","구제",1
"370","구조",1
"371","구체",14
"372","구축",5
"373","구호",3
"374","국가",37
"375","국가생존",2
"376","국가신용도",2
"377","국가안보",89
"378","국가안보회의",3
"379","국가안전",1
"380","국가안전보장",72
"381","국가운영",1
"382","국가재정",1
"383","국가주석",1
"384","국내",13
"385","국내외",2
"386","국내총생산",1
"387","국립공원",1
"388","국면",3
"389","국무",2
"390","국무부",49
"391","국무위원",8
"392","국무장관",7
"393","국무총리",8
"394","국무회의",2
"395","국민",400
"396","국민대회",1
"397","국민일보",2
"398","국민통합",2
"399","국방",79
"400","국방부",329
"401","국방부장관",4
"402","국방연구",3
"403","국방위원장",3
"404","국방장관",497
"405","국방장관을만난",2
"406","국방장관회담",31
"407","국방정책",2
"408","국외",1
"409","국익",23
"410","국인",5
"411","국장",39
"412","국장급",33
"413","국정",116
"414","국정감사",2
"415","국정수행",30
"416","국정운영",8
"417","국정원장",1
"418","국제",5
"419","국제공항",3
"420","국제심포지엄",3
"421","국치",1
"422","국회",281
"423","국회법",6
"424","국회의사당",4
"425","국회의원",3
"426","국회의장",16
"427","군대",3
"428","군림",1
"429","군비",1
"430","군사",103
"431","군사과학",1
"432","군사동맹",1
"433","군사부문",1
"434","군사위원장",4
"435","군사전략",1
"436","군사정보",756
"437","군사정보보호협정지소미아ㆍ과",1
"438","군사정보보호협정ㆍ지소미아",29
"439","군사정보보호협정ㆍ지소미아과",4
"440","군사정보보호협정ㆍ지소미아은",1
"441","군사정보보호협정ㆍ지소미아을",3
"442","군사정보보호협정ㆍ지소미아이",1
"443","군사협정",1
"444","군사활동",1
"445","군사훈련",26
"446","군소정당",1
"447","군속ㆍ가족",1
"448","군수뇌부",3
"449","군용기",2
"450","궁금",6
"451","궁금증",1
"452","권력",1
"453","권력엘리트",1
"454","권오성",3
"455","권익보호",1
"456","권태신",1
"457","권파",5
"458","궤도",1
"459","궤변",1
"460","귀국",11
"461","귀재",1
"462","귀추",1
"463","규모",9
"464","규정",5
"465","규정상",2
"466","규정하",5
"467","규제",66
"468","규제조치",1
"469","규탄",16
"470","균열",4
"471","균형감",1
"472","그간",4
"473","그동안",5
"474","그들",1
"475","그때",2
"476","그랜드슬램",1
"477","그랜드호텔",1
"478","그룹",1
"479","그릇",2
"480","그리스",2
"481","그분",2
"482","그제",3
"483","그쳤",1
"484","극도",3
"485","극동",1
"486","극명",1
"487","극복",6
"488","극비",6
"489","극비리",14
"490","극세사",1
"491","극우",5
"492","극우세력",1
"493","극적",10
"494","극한",3
"495","근거",3
"496","근래",1
"497","근로",1
"498","근로기준법",1
"499","근무",1
"500","근무제",1
"501","근본",2
"502","근접",1
"503","글로벌",2
"504","금강산",13
"505","금요일",3
"506","금정구",1
"507","금지",8
"508","급격",2
"509","급랭",1
"510","급속도",6
"511","긍부",2
"512","긍정",16
"513","긍정적",1
"514","기간",15
"515","기고문",1
"516","기구",2
"517","기권",2
"518","기금",3
"519","기내",7
"520","기념",14
"521","기대",6
"522","기대감",2
"523","기도",4
"524","기독교",2
"525","기득권",1
"526","기록",10
"527","기류",26
"528","기미",1
"529","기반",1
"530","기본",7
"531","기본법",3
"532","기본틀",1
"533","기부",1
"534","기부금",1
"535","기사",8
"536","기상",1
"537","기선",1
"538","崎成樹",2
"539","기습",3
"540","기업",4
"541","기자",543
"542","기자간담회",14
"543","기자단",3
"544","기자회",7
"545","기자회견",65
"546","기재",1
"547","기점",4
"548","기정사실",1
"549","기정사실화",2
"550","기조",4
"551","기조연설",1
"552","기존",48
"553","기존입장",1
"554","기준",9
"555","기초",2
"556","기폭제",1
"557","기한",1
"558","기해",23
"559","기회",8
"560","기획",10
"561","기획력",1
"562","긴급",1
"563","긴급사태",4
"564","긴밀",22
"565","긴박",3
"566","긴장",5
"567","긴장감",4
"568","길바닥",1
"569","김경민",1
"570","김경범서울대",1
"571","김경수",1
"572","김경호",2
"573","김계관",1
"574","김관영",1
"575","김광림",1
"576","김근식",2
"577","김대중",2
"578","김도원",3
"579","김도읍",8
"580","김동일",2
"581","김동표",1
"582","김만흠",2
"583","김명길",3
"584","김명섭",1
"585","김명원",1
"586","김무성",1
"587","김문수",2
"588","김민식",2
"589","김민우",1
"590","김민주",1
"591","김법혜",1
"592","김병준",1
"593","김봉수",2
"594","김상준",11
"595","김석",1
"596","김선동",1
"597","김선영",1
"598","김성",8
"599","김성찬",12
"600","김성철",1
"601","김세구",1
"602","김세연",29
"603","김세형",1
"604","김수한",7
"605","김수현",2
"606","김어준",3
"607","김연철",11
"608","김영삼",1
"609","김영수",4
"610","김영철",3
"611","김용주",1
"612","김용태",1
"613","김유근",3
"614","김유리",1
"615","김은별",1
"616","김일성",1
"617","김재경",1
"618","김정아",2
"619","김정원",2
"620","김정윤",2
"621","김정은",11
"622","김정한",25
"623","김종대",2
"624","김종배",11
"625","김종석",1
"626","김종호",1
"627","김주동",2
"628","김준경",1
"629","김지선",12
"630","김진호",1
"631","김태년",1
"632","김태수",1
"633","김태훈",4
"634","김평화",1
"635","김현",1
"636","김현정",2
"637","김현종",29
"638","김형준",4
"639","김혜민",2
"640","김혜영",2
"641","김홍",1
"642","김홍걸",2
"643","김희준",1
"644","꼼수",1
"645","꽃가마",1
"646","끝났다",9
"647","나가길",1
"648","나가미네",4
"649","나경",1
"650","나경원",33
"651","나경원ㆍ바른미래당",2
"652","나고야",2
"653","나라",7
"654","나루",1
"655","나름",2
"656","나머지",4
"657","나연수",1
"658","나토",4
"659","나흘",3
"660","낙관",3
"661","낙관론",2
"662","낙폭",1
"663","난관",1
"664","난로",1
"665","난마",1
"666","난망",1
"667","난삽",1
"668","難澁",1
"669","난장판",1
"670","난제",3
"671","난타전",1
"672","난항",4
"673","날씨",2
"674","날짜",3
"675","날치기",1
"676","날카로움",1
"677","남궁",1
"678","남녀",1
"679","남루",1
"680","남부",1
"681","남북",9
"682","남북관계",12
"683","남북문제",1
"684","남산",1
"685","남조선",2
"686","남주홍",1
"687","남진",1
"688","남짓",1
"689","남측",4
"690","남한",1
"691","납득",4
"692","낮청낮에는",1
"693","내년",27
"694","내놨",2
"695","내놨다",6
"696","내놨다는",1
"697","내놨죠",1
"698","내부",8
"699","내셔널",1
"700","내외",1
"701","내용",98
"702","내일",14
"703","내전",1
"704","내주",1
"705","냉각",1
"706","냉담",1
"707","냉랭",2
"708","냉전",3
"709","냉정",1
"710","너희",1
"711","네트워크",2
"712","네티즌",4
"713","년개월",1
"714","년개월간",1
"715","년개월을",1
"716","년대",1
"717","노골적",2
"718","노동자",4
"719","노력",83
"720","노력해달라고",1
"721","노무현",2
"722","노사",2
"723","노숙",1
"724","노영민",1
"725","노영희",7
"726","노웅래",1
"727","노조",1
"728","노종",3
"729","노출",1
"730","논란",22
"731","논리",7
"732","논설위원",2
"733","논의",3
"734","논쟁",1
"735","논평",4
"736","농성",48
"737","농성장",8
"738","놔라",1
"739","누구",3
"740","누군가",1
"741","눈물",3
"742","눈앞",3
"743","눈치",6
"744","눈치보기",2
"745","뉘앙스",1
"746","뉴스",60
"747","뉴스네트워크",2
"748","뉴스쇼",1
"749","뉴스투데이",1
"750","뉴시스",31
"751","뉴욕",7
"752","뉴욕증권거래소",1
"753","뉴욕증시",3
"754","뉴욕타임스",1
"755","느꼈다박지원",1
"756","느슨",1
"757","늑약",1
"758","늙었다박용진",1
"759","능력",1
"760","니트",1
"761","니혼게이자이",1
"762","니혼게이자이신문",1
"763","다각",1
"764","다독",1
"765","다로",92
"766","다루",1
"767","다룰",1
"768","다면기",1
"769","다문화",1
"770","다섯",1
"771","다섯째",1
"772","다세대",1
"773","다수",2
"774","다시밝혔습니다",2
"775","다양",24
"776","다우존스",1
"777","다음",25
"778","다음날",4
"779","다음달",1
"780","다음주",3
"781","다이",2
"782","다짐",5
"783","다케시다竹下파",1
"784","다케시타竹下파",1
"785","다키자키",24
"786","다행",1
"787","다호",1
"788","다희",6
"789","단계",8
"790","단기간",1
"791","단독",4
"792","단독회담",1
"793","단련",2
"794","단순",2
"795","단식",3
"796","단식농성",39
"797","단식투",1
"798","단식투쟁",119
"799","단위",4
"800","단체",16
"801","단초",2
"802","단행",4
"803","단호",1
"804","단호했습",1
"805","달러",4
"806","달서구",1
"807","달았습니",1
"808","달여",1
"809","담당",9
"810","담요",1
"811","담판",4
"812","담화",6
"813","답답",3
"814","답변",21
"815","답사",1
"816","답했습니",1
"817","닷새",39
"818","당과",11
"819","당국",38
"820","당국자",21
"821","당근",1
"822","당내",12
"823","당대표",20
"824","당도",2
"825","당리당략",1
"826","당부",2
"827","당사",2
"828","당사국",3
"829","당사자",1
"830","당선",2
"831","당수",1
"832","당시",10
"833","당위성",1
"834","당의",8
"835","당의원",1
"836","당인",5
"837","당일",2
"838","당정",1
"839","당정회의",1
"840","당직자",3
"841","당초",14
"842","당혹",1
"843","당황",1
"844","대구",2
"845","대국",1
"846","대국민",25
"847","대국민호소",6
"848","대권",2
"849","대규모",3
"850","對內",1
"851","대내외",2
"852","대담",12
"853","대답",5
"854","대대급",2
"855","대륙",1
"856","대륙간",1
"857","대륙간탄도미사일",1
"858","대륙세력",1
"859","대립",3
"860","대립각",2
"861","대목",1
"862","대미",4
"863","對美",2
"864","대법",3
"865","대법원",6
"866","대변",6
"867","대변인",44
"868","대변인실",1
"869","대부분",1
"870","대북",13
"871","대북정책",2
"872","대비",27
"873","대사",51
"874","대상",18
"875","대선",1
"876","대선정국",1
"877","대안",20
"878","대양",23
"879","대여투쟁",1
"880","대외",1
"881","대외전략",1
"882","대응",30
"883","대응조치",1
"884","대응책",1
"885","대장",3
"886","대전환",49
"887","대정",1
"888","대정부",4
"889","대조",2
"890","대좌",2
"891","대책",9
"892","대처",9
"893","대체",1
"894","대치",6
"895","대치국면",1
"896","대치상황",1
"897","대통",15
"898","대통령",587
"899","대통령의",67
"900","대통합",2
"901","대폭인상",1
"902","대표",882
"903","대표단",10
"904","대표자회의",1
"905","대표직",3
"906","대학",5
"907","대학교",1
"908","대학수학능력시험",3
"909","대학원",2
"910","대한",9
"911","對韓",5
"912","대한민국",36
"913","대한제국",1
"914","대합실",2
"915","대현",1
"916","대화",245
"917","대화에출연",1
"918","대환영",1
"919","댓글",1
"920","댓글과",1
"921","더불어민",1
"922","더불어민주당",82
"923","더불어민주당과",7
"924","더불어민주당도",1
"925","더불어민주당은",20
"926","더불어민주당을",1
"927","더불어민주당이",2
"928","덕담",1
"929","덜레스",3
"930","데이비",4
"931","데이비슨",7
"932","데이트",1
"933","도널드",11
"934","도당",2
"935","도떼기",1
"936","도리",1
"937","도미",1
"938","도박",1
"939","도발",4
"940","도시미",2
"941","도시미쓰茂木敏充",3
"942","도약",1
"943","도움",9
"944","도입",8
"945","도전",2
"946","도중",6
"947","도착",5
"948","도출",1
"949","도쿄",48
"950","도쿄올림픽",1
"951","도태",1
"952","道下德成",1
"953","도화",1
"954","독자",6
"955","독재",2
"956","돈달라는",1
"957","돌입",143
"958","돌파",6
"959","돌파구",9
"960","동갑",1
"961","동결",2
"962","동경",2
"963","동남아국가연합",6
"964","동남아시아국가연합",2
"965","동등",1
"966","동력",3
"967","동맹",131
"968","동맹국",5
"969","동반",2
"970","동반자",2
"971","동반하락",1
"972","동북아",9
"973","동북아시아",1
"974","동석",2
"975","동아",11
"976","동아방송",2
"977","동아일보",3
"978","동아태차관보",1
"979","동안",23
"980","동영상",2
"981","동원",2
"982","동의",1
"983","동조",2
"984","동참",2
"985","동해",3
"986","동행",1
"987","동향",1
"988","동형",2
"989","되풀이",6
"990","두둔",1
"991","뒷받침",2
"992","드라마틱",1
"993","드라이브",1
"994","들었다강기정",1
"995","들이",1
"996","듯국회",1
"997","등급",1
"998","등락",1
"999","등산",1
"1000","등장",4
"1001","디딤돌",1
"1002","디자인",2
"1003","디지털",2
"1004","딴소리",1
"1005","때문",31
"1006","뜬금",5
"1007","뜯어먹는",1
"1008","뜻밖",1
"1009","라디오",41
"1010","라인",5
"1011","랜들",5
"1012","러시",1
"1013","러시아",6
"1014","러와도",1
"1015","런던",1
"1016","레드라인",1
"1017","레코드",1
"1018","렉스",1
"1019","렬사",1
"1020","례제",1
"1021","로방",1
"1022","로버",1
"1023","로버트",21
"1024","路上",1
"1025","로운",1
"1026","로이터",3
"1027","로이터통신",3
"1028","루비",1
"1029","루트",1
"1030","류정",1
"1031","리더십",16
"1032","리버",2
"1033","리버사이드",32
"1034","리스트",4
"1035","리시공화당",4
"1036","리얼",28
"1037","리포트",73
"1038","離韓",1
"1039","링크",1
"1040","마닐라",1
"1041","마라톤",1
"1042","마련",21
"1043","마루",1
"1044","마무리",3
"1045","마비",3
"1046","마오쩌둥",1
"1047","마음",11
"1048","마이",1
"1049","마이니치",1
"1050","마이크",5
"1051","마주앉는다",1
"1052","마주앉았습니다",3
"1053","마주앉을",1
"1054","마지막",49
"1055","마찬가지",2
"1056","마찰",1
"1057","마침표",1
"1058","마크",319
"1059","마크밀리",1
"1060","마크에스퍼",2
"1061","마파람",1
"1062","마포",1
"1063","마포구",5
"1064","막가파",1
"1065","막론",1
"1066","막말",2
"1067","막바지",5
"1068","막판",28
"1069","만기",1
"1070","만료",12
"1071","만료일",4
"1072","만류",21
"1073","만사휴의",1
"1074","萬事休矣",1
"1075","만여",1
"1076","만찬",16
"1077","만큼",35
"1078","만학",1
"1079","말레이시아",1
"1080","말씀",9
"1081","말장난",1
"1082","말하",2
"1083","말하기",1
"1084","말해모테기",1
"1085","망라",1
"1086","맞느냐에",1
"1087","맞대응",2
"1088","맞이",3
"1089","매개",1
"1090","매경",2
"1091","매닝",1
"1092","매디슨",1
"1093","매세",1
"1094","每日",1
"1095","매체",2
"1096","맥레이븐",1
"1097","맥스웰",1
"1098","맨해튼",2
"1099","맹공",6
"1100","맹비난",3
"1101","머니투데이",83
"1102","머리",10
"1103","먹거리",1
"1104","메가",1
"1105","메가톤급",1
"1106","메넨데스",1
"1107","메뉴",1
"1108","메시지",7
"1109","멜라니",1
"1110","면담",37
"1111","면담내용",2
"1112","면면",1
"1113","면제",1
"1114","명령",2
"1115","명만",1
"1116","명명",2
"1117","명목",1
"1118","명백",2
"1119","명분",34
"1120","명분쌓기",1
"1121","명예",1
"1122","명예교수",1
"1123","명운",1
"1124","명지",4
"1125","모금",1
"1126","모녀",3
"1127","모두",1
"1128","冒頭",1
"1129","모래시계",1
"1130","모레",2
"1131","모면",2
"1132","모병제",8
"1133","모색",7
"1134","모순",6
"1135","모스크바",1
"1136","모습",20
"1137","모양",6
"1138","모임",5
"1139","모집",1
"1140","모테기",6
"1141","모험",1
"1142","모호",2
"1143","목사",5
"1144","목소리",32
"1145","목숨",9
"1146","목요일",17
"1147","목적",9
"1148","목전",1
"1149","목표",7
"1150","몰락",2
"1151","몸싸움",1
"1152","못낸",1
"1153","못바꿔",1
"1154","못받으면",1
"1155","못한다마크",1
"1156","무감동",1
"1157","무개입",1
"1158","무게",12
"1159","무게감",1
"1160","무관",2
"1161","무관심",1
"1162","무기",1
"1163","무너",2
"1164","무능",1
"1165","무단",6
"1166","무례",4
"1167","무리",5
"1168","무산",5
"1169","무선",1
"1170","무소속",2
"1171","무시",2
"1172","무언",1
"1173","무엇",10
"1174","무역",12
"1175","무역보복",1
"1176","무역분쟁",1
"1177","무역협정",1
"1178","무임승차",1
"1179","무작위",1
"1180","무장해제",1
"1181","무책임",1
"1182","무한대",1
"1183","무함마드",1
"1184","무효화",1
"1185","묵직",1
"1186","문구",3
"1187","문단",1
"1188","문답",1
"1189","문빠를",1
"1190","문재",1
"1191","문재인",477
"1192","문재인하야범국민투",1
"1193","문재인하야범국민투쟁본부범투",1
"1194","문재인하야범국민투쟁본부범투본",2
"1195","문정인",3
"1196","문제",301
"1197","문책",1
"1198","문학",1
"1199","문화",3
"1200","문화유적",1
"1201","문화일보",2
"1202","문화평론가",1
"1203","문희상",20
"1204","묻는다를",1
"1205","묻는다에",3
"1206","묻는다에서",1
"1207","물갈이",3
"1208","물밑",10
"1209","물밑접촉",2
"1210","뭔가",4
"1211","뭔지",7
"1212","미가",2
"1213","미국",692
"1214","미국대사",18
"1215","미국방부",1
"1216","미국은",32
"1217","미국의소리",7
"1218","미국인",2
"1219","미국정부",1
"1220","미국측",1
"1221","미국행",2
"1222","미군",78
"1223","美軍",1
"1224","미동",6
"1225","미디어",14
"1226","미디어법",2
"1227","미디어학",1
"1228","미래",4
"1229","미래지향",3
"1230","미묘",3
"1231","미북관계",1
"1232","미사",3
"1233","미사일",8
"1234","미세먼지",2
"1235","미소",1
"1236","미숙",1
"1237","미아",1402
"1238","미어",1
"1239","美에스퍼",2
"1240","미일",2
"1241","미중",3
"1242","미지수",1
"1243","미측",7
"1244","미치",1
"1245","미터",28
"1246","미팅",11
"1247","민간",3
"1248","민경",1
"1249","민망",1
"1250","민병두",2
"1251","민생",18
"1252","민심",3
"1253","민족통일",1
"1254","민주",55
"1255","민주세력",1
"1256","민주주의",11
"1257","민주진영",4
"1258","민주평통",2
"1259","민폐",13
"1260","밀레니엄",8
"1261","밀착",1
"1262","바둑",1
"1263","바람",1
"1264","바른미래",1
"1265","바른미래당",45
"1266","바른미래당도",1
"1267","바른미래당은",4
"1268","바슈토베",1
"1269","바탕",2
"1270","박광렬",2
"1271","박광온",1
"1272","박근혜",4
"1273","박대",2
"1274","박맹우",1
"1275","박모",1
"1276","박민지",1
"1277","박민철",4
"1278","박상연",1
"1279","박성준",1
"1280","박성호",1
"1281","박수",2
"1282","박승원",1
"1283","박시",1
"1284","박영태",7
"1285","박용진",1
"1286","박원곤",6
"1287","박원순",4
"1288","박일동",1
"1289","박정진",1
"1290","박정희",1
"1291","박종진",3
"1292","박주현",1
"1293","박지원",15
"1294","박진희",1
"1295","박차",1
"1296","박찬대",1
"1297","박찬주",1
"1298","박탈",1
"1299","박한",1
"1300","박한기",37
"1301","박해",3
"1302","반감",1
"1303","반기",1
"1304","반대",31
"1305","반도체",2
"1306","반등",2
"1307","반등했다",1
"1308","반면",9
"1309","반미",6
"1310","反美",2
"1311","반미주의",1
"1312","반민주",2
"1313","반박",3
"1314","반발",19
"1315","반복",10
"1316","반사이익",1
"1317","반성",4
"1318","반영",4
"1319","반응",27
"1320","반전",11
"1321","반전시",1
"1322","반환",1
"1323","반환점",12
"1324","받아쳤",1
"1325","받아쳤다",1
"1326","발견",1
"1327","발굴",1
"1328","발단",1
"1329","발목",1
"1330","발사",2
"1331","발사대",1
"1332","발상",1
"1333","발생",5
"1334","발언",90
"1335","발언록",1
"1336","발자국",3
"1337","발전",10
"1338","발제문",1
"1339","발표",60
"1340","발표회",1
"1341","발현",1
"1342","발휘",1
"1343","밝혔습니",4
"1344","밝히진",1
"1345","밤국밤에는",1
"1346","밤사이",2
"1347","방문",85
"1348","방문지",1
"1349","방미",33
"1350","訪美",1
"1351","방법",8
"1352","방법론",1
"1353","방송",105
"1354","방식",28
"1355","방안",36
"1356","방어",2
"1357","방어능력",2
"1358","방어선",1
"1359","방영",1
"1360","방위",37
"1361","방위비",343
"1362","방위산업",1
"1363","방위산업체",1
"1364","방위상",85
"1365","방위선",2
"1366","방위조약",2
"1367","방점",1
"1368","방청객",9
"1369","방치",3
"1370","방침",64
"1371","방콕",143
"1372","방파제",12
"1373","방한",48
"1374","訪韓",1
"1375","방해",2
"1376","방향",25
"1377","배경",10
"1378","배려",3
"1379","배명식",1
"1380","배문숙",1
"1381","배상",14
"1382","배상문제",1
"1383","배석",4
"1384","배석했습",1
"1385","배수",5
"1386","배수진",7
"1387","배제",11
"1388","배종",2
"1389","배차",2
"1390","배철수",3
"1391","배치",2
"1392","배포",3
"1393","백경",1
"1394","백색",1
"1395","백선엽",3
"1396","백성",1
"1397","백승",1
"1398","백악관",13
"1399","백종민",4
"1400","뱃머리",3
"1401","버텨달라",1
"1402","번거로움",1
"1403","번복",15
"1404","번째",10
"1405","번혹하면",1
"1406","범국민",5
"1407","범법",1
"1408","범여권",10
"1409","범위",1
"1410","범죄",36
"1411","범죄수사",5
"1412","법률안",1
"1413","법무부",12
"1414","법무부장관",1
"1415","법안",94
"1416","법제",2
"1417","법조인",2
"1418","베이징",2
"1419","벡스코",1
"1420","벨기에",2
"1421","벨소리",1
"1422","벼랑끝",1
"1423","변경",4
"1424","변상욱",3
"1425","변수",6
"1426","변신",1
"1427","변질",1
"1428","변치",1
"1429","변혁",6
"1430","변호",3
"1431","변호사",2
"1432","변화",145
"1433","별개",8
"1434","별관",1
"1435","별문제",1
"1436","병사",1
"1437","병산",1
"1438","병역",1
"1439","병원",1
"1440","병행",1
"1441","병혁",3
"1442","보고",1
"1443","보단",1
"1444","보도",146
"1445","보도내용",1
"1446","보도문",4
"1447","보도사진",3
"1448","보도자료",11
"1449","보람",1
"1450","보령",2
"1451","보령시",5
"1452","보령시장",1
"1453","보루",1
"1454","보보",10
"1455","보복",8
"1456","보복성",5
"1457","보수",15
"1458","보수성향",1
"1459","보수진영",1
"1460","보수층",1
"1461","보완",2
"1462","보이",1
"1463","보장",3
"1464","보조",1
"1465","보좌관",6
"1466","보좌진",2
"1467","보초",2
"1468","보호",719
"1469","보호주의",1
"1470","복귀",4
"1471","복수",2
"1472","복심",1
"1473","복원",8
"1474","복잡",2
"1475","본격화",3
"1476","본관",20
"1477","본부",6
"1478","본사",1
"1479","본심",2
"1480","본인",3
"1481","본질",2
"1482","본청",18
"1483","본토",1
"1484","본회의",15
"1485","본회의장",2
"1486","볼턴",1
"1487","봇물",1
"1488","봉쇄",1
"1489","봉진",15
"1490","봉착",1
"1491","봉합",3
"1492","부각",1
"1493","부근",1
"1494","부담",6
"1495","부담액",1
"1496","부당",4
"1497","부당성",2
"1498","부대변인",1
"1499","부동산",25
"1500","부모님",1
"1501","부분",4
"1502","부사령관",13
"1503","부산",11
"1504","부상",2
"1505","부설",1
"1506","부양",2
"1507","부유",5
"1508","부응",1
"1509","부의장",3
"1510","부인",3
"1511","부자",1
"1512","부장",1
"1513","부장관",10
"1514","부재",2
"1515","부적",1
"1516","부적응",1
"1517","부정",13
"1518","부족",3
"1519","부차적",2
"1520","부처",3
"1521","부청",1
"1522","부품",1
"1523","부학",1
"1524","부회장",1
"1525","북대서양조약기구",1
"1526","북대서양조약기구ㆍ나토",1
"1527","북미",23
"1528","北美",1
"1529","북부",1
"1530","북송",1
"1531","북중러에",1
"1532","북측",1
"1533","북한",161
"1534","북한인",1
"1535","북핵",20
"1536","북ㆍ미",1
"1537","분가",1
"1538","분노",1
"1539","분담",31
"1540","분담금",282
"1541","분담협상",1
"1542","분대",1
"1543","분란",1
"1544","분별",1
"1545","분석",17
"1546","분수",6
"1547","분수대",125
"1548","분수령",3
"1549","분야",10
"1550","분열",8
"1551","분위",1
"1552","분위기",20
"1553","분의",1
"1554","분쟁",6
"1555","분쟁기구",8
"1556","분주",1
"1557","분향",1
"1558","분향소",2
"1559","불가능",2
"1560","불가론",1
"1561","불가피",26
"1562","불가피성",3
"1563","불과",6
"1564","불교",1
"1565","불교방송",1
"1566","불구",8
"1567","불길",1
"1568","불량품",1
"1569","불만",6
"1570","불발",7
"1571","불복종",1
"1572","불사",2
"1573","불씨",1
"1574","불안",5
"1575","불안감",3
"1576","불응",2
"1577","불이익",2
"1578","불지핀",1
"1579","불참",4
"1580","불출",2
"1581","불출마",30
"1582","불투명",1
"1583","불편",3
"1584","불필요",1
"1585","불행",1
"1586","불허",11
"1587","불협화음",2
"1588","불화수소",7
"1589","브룩스",2
"1590","브뤼셀",4
"1591","브리",1
"1592","브리핑",17
"1593","블룸버그",1
"1594","비공개",9
"1595","비관",1
"1596","비교",2
"1597","비굴",1
"1598","비난",15
"1599","비당",5
"1600","비대한",1
"1601","비례",1
"1602","비례대표",2
"1603","비례대표제",38
"1604","비례대표제도",1
"1605","비롯",17
"1606","비밀",3
"1607","비밀리",2
"1608","비방",1
"1609","비법",1
"1610","비보도",1
"1611","비상",5
"1612","비상대책위",1
"1613","비상상황",1
"1614","비상시국",4
"1615","비상회의",4
"1616","비생산",1
"1617","비생산적",1
"1618","비서관",13
"1619","비서실장",14
"1620","비슷",2
"1621","비영리단체",1
"1622","비용",7
"1623","비율",1
"1624","비장미",1
"1625","비전",8
"1626","비정규직",1
"1627","비주류",1
"1628","비준",7
"1629","비중",3
"1630","비질",1
"1631","비질런트",6
"1632","비축",1
"1633","비타협적",1
"1634","비토권",2
"1635","비틀스",2
"1636","비판",87
"1637","비판론",2
"1638","비핵",1
"1639","비핵화",49
"1640","비행기",8
"1641","비행술",4
"1642","비현실적",2
"1643","비화",1
"1644","비확산",1
"1645","빅텍은",1
"1646","빈센트",1
"1647","빈손",4
"1648","빈약",1
"1649","빌딩",3
"1650","빠져들",2
"1651","빨간색",1
"1652","사건",7
"1653","사과",9
"1654","사다트",1
"1655","사람",9
"1656","사람들",2
"1657","사랑재",4
"1658","사랑채",14
"1659","사령",3
"1660","사령관",16
"1661","사령부",1
"1662","사망",1
"1663","사면초가",1
"1664","사무",2
"1665","사무실",2
"1666","사무총장",1
"1667","사법",2
"1668","사법개혁",3
"1669","사법개혁법공수처법",1
"1670","사법위원회",1
"1671","사부",1
"1672","사상",1
"1673","사석",1
"1674","사설",1
"1675","사실",17
"1676","사실상",22
"1677","사안",12
"1678","사안별",1
"1679","사업",1
"1680","사옥",11
"1681","사용",3
"1682","사우디",1
"1683","사위",6
"1684","사이",15
"1685","사이트",2
"1686","사전",18
"1687","사절단",1
"1688","사정",13
"1689","사즉생",7
"1690","사진",61
"1691","사진관",1
"1692","사태",48
"1693","사퇴",13
"1694","사항",5
"1695","사회",9
"1696","사회관",3
"1697","사회관계망",2
"1698","사회생활",1
"1699","사후",1
"1700","사흘",6
"1701","삭발",24
"1702","삭발식",5
"1703","삭풍",1
"1704","산불",1
"1705","산업",16
"1706","산업상",3
"1707","산정",1
"1708","산책",1
"1709","산케이",5
"1710","산하",1
"1711","살펴봤습니",1
"1712","삼선",1
"1713","삼성",1
"1714","삼척",1
"1715","상공",2
"1716","상관",1
"1717","상궤",1
"1718","상당",6
"1719","상대",6
"1720","상대국",2
"1721","상대방",1
"1722","상반",6
"1723","상보",2
"1724","상설",1
"1725","상세",3
"1726","상승",10
"1727","상승세",3
"1728","상시",2
"1729","상실",13
"1730","상암스튜디오에서",1
"1731","상원",29
"1732","상응",4
"1733","상의",5
"1734","상임",1
"1735","상임위",27
"1736","상임위원",28
"1737","상임위원장",3
"1738","상임위원회",57
"1739","상정",4
"1740","상징",4
"1741","상징성",1
"1742","상춘",1
"1743","상태",24
"1744","상호방위조약",1
"1745","상황",118
"1746","상ㆍ하",1
"1747","새벽",13
"1748","색깔",1
"1749","생각",44
"1750","생각했다김어준",1
"1751","생기",2
"1752","생떼",3
"1753","생방송",36
"1754","생존권",1
"1755","생중계",6
"1756","생태계",1
"1757","생환",1
"1758","샤프",10
"1759","서동",5
"1760","서동욱",7
"1761","서로",2
"1762","서론",1
"1763","서먼",6
"1764","서명",3
"1765","서문시장",1
"1766","서민",1
"1767","서비스",4
"1768","서비스산업",2
"1769","서소문",1
"1770","서울",284
"1771","서울경제신문",1
"1772","서울뉴시스배훈식",7
"1773","서울로",10
"1774","서울시",1
"1775","서울시장",3
"1776","서울역",2
"1777","서울행",2
"1778","서울호텔",1
"1779","서주석",1
"1780","서초구",2
"1781","석달",1
"1782","석민",1
"1783","석좌교수",1
"1784","선거",3
"1785","선거버",1
"1786","선거법",67
"1787","선거제",12
"1788","선거제도",1
"1789","선긋기",1
"1790","선명",1
"1791","선발",1
"1792","선언",75
"1793","선원",1
"1794","선임기자",4
"1795","선임연구원",2
"1796","선정",3
"1797","선조",1
"1798","선택",10
"1799","선포",1
"1800","선호",3
"1801","설계",1
"1802","설득",8
"1803","설리번",1
"1804","설립",1
"1805","설명",36
"1806","설문",2
"1807","설문조사",3
"1808","설악산",1
"1809","설왕설래",2
"1810","설정",1
"1811","설치",97
"1812","성격",2
"1813","성경륭",2
"1814","성공",7
"1815","성금",1
"1816","성대",2
"1817","성명",5
"1818","성북",2
"1819","성북구",1
"1820","성북동",1
"1821","성사",10
"1822","성인",4
"1823","성장",7
"1824","성장동력",1
"1825","성장률",1
"1826","성장세",1
"1827","성정",1
"1828","성조기",1
"1829","성찰",1
"1830","성출",3
"1831","성패",2
"1832","성향",4
"1833","성회",1
"1834","세계",4
"1835","세계무역기구",17
"1836","세계일보",2
"1837","세기",1
"1838","세력",3
"1839","세련미",1
"1840","세미나",3
"1841","세상",2
"1842","세션",2
"1843","세종",3
"1844","세트",1
"1845","센타",1
"1846","센터",14
"1847","센터장",4
"1848","셈법",1
"1849","셔츠",1
"1850","셔틀",1
"1851","소감",1
"1852","소규모",1
"1853","소극",4
"1854","소년",1
"1855","소득",12
"1856","소련",1
"1857","소리",5
"1858","소명",9
"1859","소사이어티",4
"1860","소상공인",1
"1861","소셜네트워크",1
"1862","소속",11
"1863","소속인",1
"1864","소송",3
"1865","소수",5
"1866","소식",19
"1867","소식통",12
"1868","소아",1
"1869","小我",1
"1870","소아병",6
"1871","소용돌이",1
"1872","소월",1
"1873","소위원회",1
"1874","소재",2
"1875","소집",9
"1876","소탐대실",1
"1877","小貪大失",1
"1878","소통",33
"1879","소통과정",2
"1880","소폭",4
"1881","소화",1
"1882","소환",1
"1883","소환조사",1
"1884","속내",4
"1885","속보",1
"1886","속사정",1
"1887","속셈",1
"1888","속수무책",1
"1889","속한",1
"1890","손님",2
"1891","손상",1
"1892","손실",1
"1893","손잡고",6
"1894","손잡길",1
"1895","손지애",1
"1896","손학규",10
"1897","손해",1
"1898","솔직",3
"1899","송구",2
"1900","송락규",3
"1901","송민순",1
"1902","송영",1
"1903","송영석",2
"1904","송환",1
"1905","쇄신",50
"1906","쇄신론",1
"1907","쇄신안",1
"1908","쇠락했",1
"1909","쇼라",2
"1910","쇼크",2
"1911","수뇌",1
"1912","수뇌부",43
"1913","수뇌자",1
"1914","수능",2
"1915","수능날학년도",1
"1916","수단",5
"1917","수도",2
"1918","수도권",4
"1919","수렁",2
"1920","수명",1
"1921","수박",1
"1922","수백",1
"1923","수사",14
"1924","수사권",1
"1925","수사처",36
"1926","수상자",1
"1927","수석",40
"1928","수석대표",4
"1929","수성구청장",1
"1930","수수방관",1
"1931","수순",10
"1932","수식어",1
"1933","수요일",1
"1934","수용",7
"1935","수위",7
"1936","수장",6
"1937","수정",1
"1938","수정안",1
"1939","수준",37
"1940","수집",3
"1941","수차례",2
"1942","수처",21
"1943","수천",1
"1944","수출",87
"1945","수출규제",120
"1946","수출우대국백색국가에서",1
"1947","수출제한",2
"1948","수행",4
"1949","수험생",2
"1950","수혜자",1
"1951","수호",1
"1952","숙고",3
"1953","순간",37
"1954","순서",3
"1955","순수",1
"1956","순식간",1
"1957","순위별",1
"1958","순차",1
"1959","순회",2
"1960","숫자",1
"1961","슈라이버",6
"1962","스가",10
"1963","스님ㆍ",1
"1964","스미스",5
"1965","스웨",1
"1966","스위",2
"1967","스위스",19
"1968","스카파로티",3
"1969","스캐퍼로티",2
"1970","스쿨존",3
"1971","스쿨존에서",1
"1972","스퀘어",1
"1973","스타",1
"1974","스타일",1
"1975","스탈린",2
"1976","스톡홀름",2
"1977","스톰",7
"1978","스티븐",15
"1979","스티븐스",5
"1980","스틸웰",4
"1981","스파르타가",1
"1982","스페이스",1
"1983","스페코",1
"1984","승리",7
"1985","승부",7
"1986","승부수",6
"1987","시각",18
"1988","시각과",2
"1989","시각차",2
"1990","시간",147
"1991","시간표",1
"1992","시게",3
"1993","시게키瀧崎成樹",12
"1994","시계",2
"1995","시국",2
"1996","시그",1
"1997","시그널",2
"1998","시나",1
"1999","시나리오",14
"2000","시대",12
"2001","시리아",1
"2002","시민",14
"2003","시민권",1
"2004","시부",3
"2005","시분",11
"2006","시사",16
"2007","시선",13
"2008","시설",3
"2009","시스템",1
"2010","시아",9
"2011","시아이",1
"2012","시위대",5
"2013","시의적절",2
"2014","시작",110
"2015","시장",7
"2016","시절",4
"2017","시점",26
"2018","시정요구",1
"2019","시즌제",1
"2020","시진핑",1
"2021","시청",6
"2022","시타",1
"2023","시한",97
"2024","시행",9
"2025","시험",7
"2026","시현",2
"2027","식민지",1
"2028","신경",7
"2029","신규",1
"2030","신념",5
"2031","신당",15
"2032","신대",1
"2033","신뢰",47
"2034","신문",20
"2035","신범철",4
"2036","신설",4
"2037","신세",1
"2038","신속",68
"2039","신임",1
"2040","신임장",1
"2041","신재웅",2
"2042","신조",21
"2043","신중",2
"2044","신지혜",2
"2045","신호",5
"2046","신호탄",1
"2047","실감",1
"2048","실과",1
"2049","실랑이",1
"2050","실리",3
"2051","실마리",11
"2052","실망",6
"2053","실무",2
"2054","실무협상",5
"2055","실무협의",1
"2056","실무회담",3
"2057","실무회의",3
"2058","실시",25
"2059","실시간",1
"2060","실익",1
"2061","실장",58
"2062","실정",9
"2063","실제",33
"2064","실종자",2
"2065","실질적",1
"2066","실천",1
"2067","실패",50
"2068","실현",1
"2069","실효",5
"2070","失效",1
"2071","실효성",1
"2072","심각",17
"2073","심기",1
"2074","심도",1
"2075","심리",2
"2076","심봉",1
"2077","심사",4
"2078","심상",2
"2079","심야",2
"2080","심은경",1
"2081","심정",1
"2082","심판",1
"2083","심화",3
"2084","싱가포",1
"2085","싱가포르",2
"2086","싱크탱크",5
"2087","싶지만초점",1
"2088","싸늘",1
"2089","쌩떼",1
"2090","쎈터뷰에",1
"2091","쏘아올린",1
"2092","쓴소리",4
"2093","아나",1
"2094","아나운서",2
"2095","아달",1
"2096","아라비아",1
"2097","아래",34
"2098","아바니",35
"2099","아바니리바사이드",1
"2100","아베",38
"2101","아사히",3
"2102","아산",4
"2103","아세안",78
"2104","아세안ㆍ동남아시아국가연합이",1
"2105","아쉬움",5
"2106","아스팔트",1
"2107","아시아",25
"2108","아시아경제",35
"2109","아시아정책",1
"2110","아시아태평양",26
"2111","아시아ㆍ태평양국장은",1
"2112","아이들",1
"2113","아주경제",4
"2114","아침",16
"2115","아카데미",2
"2116","아태",1
"2117","아테네",2
"2118","아파트",2
"2119","아프가니스탄",1
"2120","악법",2
"2121","악수",22
"2122","악영향",3
"2123","악재",1
"2124","악화",3
"2125","안건",55
"2126","안규백",5
"2127","안냈다는",1
"2128","안녕",1
"2129","안녕하십니까",2
"2130","안면",1
"2131","안받침",1
"2132","안방",1
"2133","안배",1
"2134","安倍晋三",9
"2135","안보",317
"2136","안보상",48
"2137","안보상황",2
"2138","안보이익",1
"2139","안보정세",1
"2140","안보정책",1
"2141","안보협력",19
"2142","안보회의",3
"2143","안보ㆍ국방",1
"2144","안부",1
"2145","안전",2
"2146","안정",5
"2147","안착했다는",2
"2148","안팎",15
"2149","안해",1
"2150","알류샨열도일본오키나와필리핀을",1
"2151","암동",29
"2152","암시",1
"2153","압도",1
"2154","압력",3
"2155","압박",141
"2156","압축",1
"2157","앞장",3
"2158","애스퍼",1
"2159","애정",2
"2160","애초",2
"2161","애치슨",5
"2162","애틀랜틱카운슬",1
"2163","애플리케이션",1
"2164","액수",2
"2165","액체",3
"2166","액화",4
"2167","앵커",278
"2168","야권",5
"2169","야기",1
"2170","야당",22
"2171","야스마사長嶺安政",1
"2172","야외",2
"2173","야욕",1
"2174","약소국",1
"2175","약속",8
"2176","약식",1
"2177","약자",3
"2178","약장ㆍ기념장",1
"2179","약정",11
"2180","약화",4
"2181","양국",150
"2182","양국간",5
"2183","양국관계",1
"2184","양당",1
"2185","양보",3
"2186","양상",5
"2187","양식",1
"2188","양욱",1
"2189","양자",33
"2190","양자협의",17
"2191","양지",1
"2192","양쪽",2
"2193","양측",14
"2194","양치기",1
"2195","양키",1
"2196","얘기",24
"2197","어눌",1
"2198","어려움",1
"2199","어머니",3
"2200","어제",64
"2201","어젯밤",3
"2202","어젯일밤",1
"2203","어휘",1
"2204","억달러",1
"2205","억제",1
"2206","억지",2
"2207","억지력",2
"2208","언급",29
"2209","언덕",1
"2210","언동",1
"2211","언론",30
"2212","언론인",4
"2213","언사",1
"2214","언어",2
"2215","언제",3
"2216","언행",1
"2217","얼굴",1
"2218","얼마",1
"2219","엄마",2
"2220","엄중",2
"2221","업그레이드",1
"2222","없습니",1
"2223","없었다일본",1
"2224","없인",1
"2225","엉뚱",1
"2226","에스",1
"2227","에스퍼",361
"2228","에스퍼사진",1
"2229","에어로",1
"2230","에이브럼스",22
"2231","에이스",6
"2232","엘리엇",2
"2233","엥겔",4
"2234","여건",2
"2235","여권",14
"2236","여당",11
"2237","여당인",12
"2238","여러분",3
"2239","여론",13
"2240","여론조사",22
"2241","여론조사기관",2
"2242","여름",1
"2243","여부",34
"2244","여사",1
"2245","여성회",1
"2246","여식",2
"2247","여야",4
"2248","與野",1
"2249","여유",1
"2250","여의도동",1
"2251","여전",4
"2252","여정",1
"2253","여중생",1
"2254","여지",10
"2255","여파",1
"2256","여홍",2
"2257","역내",3
"2258","역대",9
"2259","역량",2
"2260","역부족",2
"2261","역사",7
"2262","역임",1
"2263","역풍",1
"2264","역할",12
"2265","엮인",1
"2266","연간",1
"2267","연결",45
"2268","연계",8
"2269","연계성",1
"2270","연구",5
"2271","연구소",5
"2272","연구원장",2
"2273","연구회",2
"2274","연기",32
"2275","연내",10
"2276","연대",1
"2277","연동",43
"2278","연락",1
"2279","연례",25
"2280","연말",15
"2281","연맹",2
"2282","연방",2
"2283","연병",8
"2284","연비",3
"2285","연상",1
"2286","연석회의",39
"2287","연속",2
"2288","연쇄",3
"2289","연쇄반응",3
"2290","연쇄회담",1
"2291","연습",2
"2292","연장",178
"2293","연장여부",4
"2294","연출",4
"2295","연합",171
"2296","연합군",1
"2297","연합뉴스",64
"2298","연합문",1
"2299","연합사령관",15
"2300","연합작전",1
"2301","연합회",5
"2302","열렸습",1
"2303","열쇠",1
"2304","열차",4
"2305","열흘",2
"2306","염두",1
"2307","엿새",3
"2308","였다",4
"2309","였다고",1
"2310","영등포구",2
"2311","영수",1
"2312","영수회담",18
"2313","영양제",3
"2314","영어",1
"2315","영역",2
"2316","영우",1
"2317","영원",2
"2318","영입",2
"2319","영토분쟁",1
"2320","영하",1
"2321","영향",6
"2322","영혼",1
"2323","영회",1
"2324","예고",1
"2325","예단",1
"2326","예민",3
"2327","예방",11
"2328","예비역",4
"2329","예산안",2
"2330","예상",26
"2331","예술대",2
"2332","예정",124
"2333","예측",6
"2334","오늘",200
"2335","오랫동안",4
"2336","오르내리",1
"2337","오른쪽",8
"2338","오름세",1
"2339","오브라이언",4
"2340","오사카",2
"2341","오상헌",10
"2342","오신환",16
"2343","오십",1
"2344","오염",2
"2345","오전",176
"2346","오죽",1
"2347","오진영",1
"2348","오차",8
"2349","오찬",2
"2350","오판",1
"2351","誤判",1
"2352","오프",1
"2353","오현석",1
"2354","오후",283
"2355","온도차",1
"2356","온라인",4
"2357","온몸",2
"2358","올랐",1
"2359","올려달라고",2
"2360","올해",5
"2361","옹호",2
"2362","와무",4
"2363","와이",1
"2364","와중",4
"2365","완강",1
"2366","완전",3
"2367","완화",1
"2368","외갓집",1
"2369","외교",257
"2370","외교가",5
"2371","외교관",2
"2372","외교권",1
"2373","외교당국",31
"2374","외교방위원회에서",1
"2375","외교사절",1
"2376","외교안보",21
"2377","외교전",2
"2378","외교채널",1
"2379","외교통",1
"2380","외교ㆍ안보",2
"2381","외교ㆍ안보ㆍ국방",1
"2382","외국",1
"2383","외람",1
"2384","외면",1
"2385","외무",46
"2386","외무상",13
"2387","외무장관",1
"2388","외부",4
"2389","외세",1
"2390","외신",2
"2391","외의",1
"2392","왼쪽",20
"2393","요격",1
"2394","요구",226
"2395","요미우리",7
"2396","요미우리신문",23
"2397","요소",2
"2398","요시",7
"2399","요시히데菅義偉",1
"2400","요인",3
"2401","요지부동",2
"2402","요청",37
"2403","요충지",2
"2404","욕구",1
"2405","용산",23
"2406","용산구",25
"2407","용어",1
"2408","용의",3
"2409","용퇴",2
"2410","용퇴론",2
"2411","우등생",1
"2412","우려",55
"2413","우려감",1
"2414","우리",191
"2415","우리나라",34
"2416","우리측",4
"2417","우물",3
"2418","우물에",4
"2419","우방",2
"2420","우방국",1
"2421","우산",2
"2422","우선",2
"2423","우성",1
"2424","우의",2
"2425","우주",2
"2426","우즈베키스탄",1
"2427","우천",1
"2428","우호증진",1
"2429","우회",1
"2430","우회로",1
"2431","운동권",3
"2432","운명",17
"2433","운반",1
"2434","운영",4
"2435","운용",4
"2436","운행",3
"2437","운행률",2
"2438","운행제",1
"2439","울산",3
"2440","웃음",3
"2441","웅변",1
"2442","워싱",1
"2443","워싱턴",41
"2444","원내",4
"2445","원내대표",103
"2446","원론",1
"2447","원론적",1
"2448","원만",5
"2449","원유철",5
"2450","원유철ㆍ심재철",1
"2451","원장",5
"2452","원전",1
"2453","원점",1
"2454","원칙",18
"2455","원칙론",6
"2456","원형",1
"2457","원활",3
"2458","월달",1
"2459","월세",2
"2460","월스트리트",1
"2461","월요일",7
"2462","월일",3
"2463","월주차",2
"2464","월터",9
"2465","위기감",2
"2466","위기론",6
"2467","위문",1
"2468","위반",6
"2469","위비",1
"2470","위성",2
"2471","위원",65
"2472","위원장",56
"2473","위원장실",1
"2474","위원회",97
"2475","위주",1
"2476","위치",1
"2477","위태",1
"2478","위험",6
"2479","위험천만",1
"2480","위협",8
"2481","윈윈",1
"2482","윈지코리아컨설팅",1
"2483","윌리엄",1
"2484","유감",2
"2485","유권",1
"2486","유권자",13
"2487","유능",1
"2488","유도",1
"2489","유력",3
"2490","유례",1
"2491","유리",1
"2492","유물",1
"2493","유발",1
"2494","유사시",2
"2495","유서",1
"2496","유선",1
"2497","유성",1
"2498","유숙",3
"2499","유승민",7
"2500","유엔",2
"2501","유엔총회",1
"2502","유연",3
"2503","유연성",2
"2504","유예",15
"2505","유오",5
"2506","유일",1
"2507","유지",63
"2508","유치원",1
"2509","유탄",1
"2510","유튜브",1
"2511","유화",4
"2512","유효",12
"2513","유희석",1
"2514","육군",1
"2515","육박",3
"2516","육성",1
"2517","윤관석",1
"2518","윤동주",5
"2519","윤봄이",6
"2520","윤상",1
"2521","윤상현",3
"2522","윤상현ㆍ이종구",1
"2523","윤선",8
"2524","윤신",1
"2525","윤종군",2
"2526","은일",1
"2527","을사",1
"2528","응답",4
"2529","응답자",1
"2530","응원",1
"2531","응징",1
"2532","응하길",1
"2533","의견",56
"2534","의도",11
"2535","의뢰",19
"2536","의문",3
"2537","의미",26
"2538","의사",13
"2539","의석",1
"2540","의소",2
"2541","의식",8
"2542","의심",8
"2543","의아",1
"2544","의원",182
"2545","의원연맹",4
"2546","의원외교",1
"2547","의원정수",1
"2548","의원직",1
"2549","의원총회",1
"2550","의원회관",3
"2551","의장",16
"2552","의장대",2
"2553","의장행사",13
"2554","의전",1
"2555","의전비서관",1
"2556","의제",9
"2557","의존",1
"2558","의중",1
"2559","의지",8
"2560","의회",19
"2561","의회ㆍ정부",1
"2562","이것",4
"2563","이견",21
"2564","이곳",5
"2565","이광연",1
"2566","이교",1
"2567","이낙연",12
"2568","이날",395
"2569","이남호",4
"2570","이념",1
"2571","이념성향",1
"2572","이달",1
"2573","이덕영",4
"2574","이덕환서강대",1
"2575","이동식",1
"2576","이동하",7
"2577","이동해",8
"2578","이동형",7
"2579","이득",7
"2580","이라크전쟁",1
"2581","이래",1
"2582","이름",2
"2583","이맘때",1
"2584","이명수",4
"2585","이목",3
"2586","이미지",2
"2587","이민",1
"2588","이번",87
"2589","이번주",1
"2590","이벤트",1
"2591","이사장",1
"2592","이상",33
"2593","이상휘",1
"2594","이세연",2
"2595","이슈",7
"2596","이슈화",1
"2597","이승",7
"2598","이야기",14
"2599","이언주",2
"2600","이원",13
"2601","이유",69
"2602","이익",4
"2603","이인영",37
"2604","이인영ㆍ자유한국당",2
"2605","이재은",2
"2606","이재정",11
"2607","이전",3
"2608","이정미",4
"2609","이정현",2
"2610","이젠",1
"2611","이종",3
"2612","이종구",6
"2613","이종석",2
"2614","이종찬",1
"2615","이종훈",2
"2616","이주",1
"2617","이지수",3
"2618","이진훈",1
"2619","이치",2
"2620","이탈",4
"2621","이택수",1
"2622","이틀",26
"2623","이틀째",49
"2624","이하",4
"2625","이한",1
"2626","이해",10
"2627","이해찬",15
"2628","이행",3
"2629","이현정",3
"2630","이현종",2
"2631","이혜훈",16
"2632","이화",1
"2633","이후",51
"2634","익명",1
"2635","인가",1
"2636","인건비ㆍ군사건설비ㆍ군수지원비",1
"2637","인구",1
"2638","인권",3
"2639","인근",21
"2640","인내",1
"2641","인도",19
"2642","인도ㆍ태평양",2
"2643","인력",2
"2644","인문사회",2
"2645","인민공화국",1
"2646","인방",1
"2647","인사",44
"2648","인상",60
"2649","인식",6
"2650","인연",1
"2651","인왕",1
"2652","인용",8
"2653","인재",1
"2654","인정",1
"2655","인준",7
"2656","인천공항",9
"2657","인천국제공항",6
"2658","인터넷",1
"2659","인터뷰",11
"2660","인턴",4
"2661","일각",7
"2662","일간",4
"2663","일곱",1
"2664","일관",3
"2665","일괄",1
"2666","일군",7
"2667","일반",5
"2668","일방",13
"2669","일방통행식",1
"2670","일보",9
"2671","일본",595
"2672","일본경제",3
"2673","일본국제문제연구소",1
"2674","일본대사",1
"2675","일본도",2
"2676","일본에",45
"2677","일본의",160
"2678","일본총리",1
"2679","일본측",1
"2680","일본행",2
"2681","일부",17
"2682","일상",1
"2683","일시",2
"2684","일왕",4
"2685","일용직",3
"2686","일위",1
"2687","일일",1
"2688","일정",36
"2689","일제",4
"2690","일제하",1
"2691","일종",3
"2692","일처리",1
"2693","일치",1
"2694","일침",1
"2695","일행",9
"2696","일환",4
"2697","잃고년",1
"2698","임경",7
"2699","임금",1
"2700","임기",21
"2701","임명",4
"2702","임명현",5
"2703","임박",35
"2704","임성호",26
"2705","임종석",5
"2706","임종철",2
"2707","임주영",1
"2708","임팩트",2
"2709","임하면",2
"2710","입구",1
"2711","입국",1
"2712","입당",2
"2713","입대",1
"2714","입문",1
"2715","입법",3
"2716","입양아",1
"2717","입장",290
"2718","있다사진제공뉴스조정식",1
"2719","있도",1
"2720","있습니",3
"2721","자격",1
"2722","자국",6
"2723","자극",2
"2724","자금",1
"2725","자기",1
"2726","자기반성",1
"2727","자동",2
"2728","자료",2
"2729","자료사진",2
"2730","자리",78
"2731","자리했고",1
"2732","자멸",1
"2733","자문",1
"2734","자문위원",6
"2735","자민당",1
"2736","자발적",2
"2737","자산",2
"2738","자세",2
"2739","자신",38
"2740","자신감",1
"2741","자원",10
"2742","자유",522
"2743","자유무역협정",1
"2744","자유민주당",1
"2745","자인",1
"2746","자정",58
"2747","자제",4
"2748","자제령",1
"2749","자존심",1
"2750","자책골",2
"2751","자체",5
"2752","자초지종",1
"2753","자충수",2
"2754","자취",1
"2755","자평",2
"2756","자해",3
"2757","자화자찬",1
"2758","자회담",3
"2759","작년",1
"2760","작성",1
"2761","작심",1
"2762","작용",1
"2763","작전",4
"2764","작전통제권",9
"2765","잔인",1
"2766","잘못",4
"2767","잘못된",6
"2768","잠재",1
"2769","잠정",2
"2770","잠정집계",2
"2771","장경",1
"2772","장경태",1
"2773","장관",476
"2774","장관회의",4
"2775","장구",1
"2776","장군",1
"2777","장기",3
"2778","장기집권",1
"2779","장담",4
"2780","장면",1
"2781","장비",2
"2782","장성",2
"2783","장세",1
"2784","장소",23
"2785","장수",1
"2786","장아영",5
"2787","장악",2
"2788","장애",1
"2789","장외투쟁",2
"2790","장제원",3
"2791","장치",1
"2792","재가동",1
"2793","재개",15
"2794","재검토",8
"2795","재계",9
"2796","재계회의",3
"2797","재고",3
"2798","재난",3
"2799","재단",7
"2800","재단법인",1
"2801","재무장",1
"2802","재배치",1
"2803","재배포",5
"2804","재선",1
"2805","재앙",2
"2806","재연",1
"2807","재연장",2
"2808","재원",1
"2809","재인",3
"2810","재일",1
"2811","재정",1
"2812","재정위원회",1
"2813","재천명",1
"2814","재추진",1
"2815","재킷",1
"2816","재판",6
"2817","재향군인",9
"2818","재확인",47
"2819","쟁의",1
"2820","쟁점",6
"2821","저널",2
"2822","저녁",28
"2823","저작권",2
"2824","저작권자",6
"2825","저항",10
"2826","저해",1
"2827","저희",1
"2828","적극",7
"2829","적대",6
"2830","적대관계",1
"2831","적대시",1
"2832","적반하장",3
"2833","적용",1
"2834","적응",1
"2835","적절",2
"2836","赤化",1
"2837","전개",1
"2838","전격",16
"2839","전경",1
"2840","전광훈",7
"2841","전국",18
"2842","전국경제인연합회",6
"2843","전권",7
"2844","전기난로",1
"2845","전날",60
"2846","전념",1
"2847","전달",32
"2848","전달했",1
"2849","전락",1
"2850","전략",16
"2851","전략연구",1
"2852","전력",4
"2853","전례",5
"2854","전망",29
"2855","전면",3
"2856","전문",7
"2857","전문가",31
"2858","전문기관",6
"2859","전반",1
"2860","전반기",2
"2861","전방위",11
"2862","전병남",2
"2863","전선",2
"2864","전술",1
"2865","전시",15
"2866","戰時",1
"2867","전시작",7
"2868","전신",3
"2869","전여옥",2
"2870","전역",1
"2871","전용기",4
"2872","전우회",4
"2873","전원",1
"2874","전자파",1
"2875","전작",5
"2876","전장",1
"2877","전재",6
"2878","전쟁",5
"2879","전쟁기념관",1
"2880","전제",18
"2881","전제조건",2
"2882","전주",9
"2883","전직",5
"2884","전진",2
"2885","전진숙",1
"2886","전철",1
"2887","전체",21
"2888","전통",1
"2889","전투",5
"2890","전파",1
"2891","전형",1
"2892","전화",3
"2893","전환",22
"2894","전환기",1
"2895","전환점",1
"2896","전희경",1
"2897","절경",1
"2898","절박",1
"2899","절반",8
"2900","절실",1
"2901","절제",1
"2902","절차",24
"2903","절체",1
"2904","절체절명",24
"2905","절하",2
"2906","점검",14
"2907","점심",1
"2908","접견",66
"2909","접견실",9
"2910","접근",4
"2911","접수",2
"2912","접점",7
"2913","접촉",10
"2914","정경",177
"2915","정경두고노",1
"2916","정경두왼쪽",1
"2917","정국",18
"2918","정권",22
"2919","정규직화",1
"2920","정기",4
"2921","정기국회",1
"2922","정단",2
"2923","정당",13
"2924","정당별",1
"2925","정대",1
"2926","정도",16
"2927","정동영",2
"2928","정례",6
"2929","정례브리핑",2
"2930","정례회",1
"2931","정례회의",4
"2932","정론",3
"2933","정리",10
"2934","정면",9
"2935","정면돌파",2
"2936","정무수석",32
"2937","정문",1
"2938","정밀",1
"2939","정반대",2
"2940","정보",76
"2941","정보공유",12
"2942","정보보호",10
"2943","정보수집",1
"2944","정부",491
"2945","정부여당",3
"2946","정부예산",1
"2947","정상",3
"2948","정상궤도",1
"2949","정상화",6
"2950","정상회담",7
"2951","정상회의",7
"2952","정석환",2
"2953","정세",9
"2954","정세균",3
"2955","정세현",2
"2956","정수",1
"2957","정승",5
"2958","정식",1
"2959","정신",4
"2960","정예화",1
"2961","정오쯤",1
"2962","정욱식",1
"2963","정원",1
"2964","정유미",3
"2965","정의용",52
"2966","정장",1
"2967","정쟁",2
"2968","정점",1
"2969","정제",1
"2970","정책",33
"2971","정책기조",2
"2972","정책연구",5
"2973","정책위원회",1
"2974","정책위의장",7
"2975","정책조정",3
"2976","정책토론회",1
"2977","정철호",1
"2978","정청래",3
"2979","정치",43
"2980","정치개혁",1
"2981","정치권",23
"2982","정치력",1
"2983","정치세력",1
"2984","정치외교학과",1
"2985","정치판",1
"2986","정치평론가",1
"2987","정치협상",8
"2988","정치협상회후",1
"2989","정통",1
"2990","정평",2
"2991","정향",1
"2992","정확",28
"2993","제거",6
"2994","제공",38
"2995","제국",3
"2996","제기",1
"2997","제네바",15
"2998","제독",2
"2999","제동",4
"3000","제목",9
"3001","제물",1
"3002","제방",1
"3003","제스처",5
"3004","제스트",2
"3005","제시",15
"3006","제안",42
"3007","제압",1
"3008","제야",19
"3009","제외",11
"3010","제임스",23
"3011","제재",3
"3012","제전",1
"3013","제정",1
"3014","제차",137
"3015","제출",9
"3016","제한",1
"3017","제회",11
"3018","조간",3
"3019","조건",34
"3020","조경태",7
"3021","조국",33
"3022","조롱",3
"3023","조롱거리",1
"3024","조바심",3
"3025","조사",24
"3026","조사신",1
"3027","조선",5
"3028","조선민주주의",1
"3029","조선일보",3
"3030","조선조",1
"3031","조선중앙통신",2
"3032","조성",4
"3033","조성하",2
"3034","조순형",1
"3035","조슬기",1
"3036","조야",3
"3037","조언",2
"3038","조원진",2
"3039","조유진",1
"3040","조율",11
"3041","조은지",2
"3042","조인식",1
"3043","조장",1
"3044","조정",64
"3045","조정식",5
"3046","조짐",9
"3047","조차",1
"3048","조처",4
"3049","조철",1
"3050","조철희",1
"3051","조치",86
"3052","조태",2
"3053","존립",1
"3054","존재",6
"3055","졸속",1
"3056","종로구",23
"3057","종료",893
"3058","종료결정",1
"3059","종료냐를",1
"3060","종료땐",1
"3061","종료를피했으면",1
"3062","종료선언",2
"3063","종료시점",1
"3064","종료일",28
"3065","종용",1
"3066","종이호랑이",1
"3067","종전",1
"3068","종합",1
"3069","좌담회",1
"3070","좌초",1
"3071","좌파",2
"3072","주가폭락",2
"3073","주간",7
"3074","주관",33
"3075","주관사",1
"3076","주국",20
"3077","주권자",1
"3078","주년",4
"3079","주도권",1
"3080","주도하",1
"3081","주둔",5
"3082","주둔비",3
"3083","주력",2
"3084","주류",1
"3085","주말",3
"3086","주목",29
"3087","주무부처",1
"3088","주문",1
"3089","주문했",1
"3090","주민",2
"3091","주변",3
"3092","주부",1
"3093","주사",1
"3094","주사파",2
"3095","주시",1
"3096","주식시장",1
"3097","주영",4
"3098","주요",50
"3099","주요한",1
"3100","주의자",1
"3101","주일",52
"3102","주장",44
"3103","주장도널드",1
"3104","주장했",1
"3105","주재",49
"3106","주재국",2
"3107","주저",3
"3108","주제",13
"3109","주중",2
"3110","주차",8
"3111","주최",9
"3112","주최국",1
"3113","주축",1
"3114","주택",1
"3115","주한",47
"3116","주한미국대사",1
"3117","주한미군",94
"3118","주한미군기지",1
"3119","주한미군사령관",7
"3120","주한미대사",3
"3121","주한일본대사",2
"3122","죽음",1
"3123","준범",1
"3124","준비",19
"3125","준비태세",1
"3126","중간",1
"3127","중구",7
"3128","중국",26
"3129","중단",11
"3130","중대",5
"3131","중량감",1
"3132","중반",1
"3133","중부",1
"3134","중소기업",2
"3135","중순",8
"3136","중시",3
"3137","중시하",1
"3138","중심",8
"3139","중앙일보",1
"3140","중앙지",1
"3141","중앙협의회",1
"3142","중언부언",2
"3143","중요",35
"3144","중요한지",1
"3145","중의원",1
"3146","중장기적",1
"3147","중재",12
"3148","중재자",1
"3149","중점",2
"3150","중지",1
"3151","중진",8
"3152","중진의원",25
"3153","중차대",2
"3154","중회의실",2
"3155","즉석",17
"3156","즉위",3
"3157","즉위식",1
"3158","즉응",2
"3159","증가",1
"3160","증강",1
"3161","증대",1
"3162","증액",56
"3163","증진",12
"3164","지각변동",1
"3165","지검",1
"3166","지구",1
"3167","지금",1
"3168","지난달",24
"3169","지난밤",2
"3170","지난번",4
"3171","지난주",10
"3172","지난해",4
"3173","지도",2
"3174","지도력",1
"3175","지렛대",2
"3176","지명",7
"3177","지명자",7
"3178","지불",1
"3179","지사",1
"3180","지소",225
"3181","지소미아ㆍ한일",1
"3182","지속",30
"3183","지수",1
"3184","지시",5
"3185","지식",2
"3186","지역",11
"3187","지역구",2
"3188","지역위원",1
"3189","지역학",3
"3190","지역ㆍ성별ㆍ연령을",1
"3191","지요다구",1
"3192","지원",6
"3193","지월",1
"3194","지적",25
"3195","지정",18
"3196","지정학",1
"3197","지정학적",2
"3198","지지",1
"3199","지지부진",1
"3200","지지율",36
"3201","지지자",5
"3202","지지층",3
"3203","지지통신",1
"3204","지출",1
"3205","지표",1
"3206","지피",2
"3207","지하철",1
"3208","지향",6
"3209","지형",1
"3210","지휘부",5
"3211","지휘소",1
"3212","직간접",1
"3213","직거래",2
"3214","직결",3
"3215","직면",5
"3216","직설",1
"3217","직속",1
"3218","직언",1
"3219","직업",2
"3220","직인",1
"3221","직전",7
"3222","직책ㆍ표창ㆍ영예",1
"3223","직후",16
"3224","진단",1
"3225","진력",3
"3226","진보",4
"3227","진보층",1
"3228","진상규명",2
"3229","진솔",4
"3230","진실",3
"3231","진심",1
"3232","진압",1
"3233","진영",1
"3234","진의",8
"3235","진입",1
"3236","진정",3
"3237","진주",3
"3238","진주ㆍ운동본부와",1
"3239","진지",3
"3240","진짜",1
"3241","진퇴",1
"3242","진퇴양난",2
"3243","진해",2
"3244","진행",146
"3245","진행됐",1
"3246","진행되다보니",1
"3247","진행자",1
"3248","진홍",15
"3249","질문",81
"3250","질문자",4
"3251","질문지",1
"3252","질의응답",6
"3253","질타",2
"3254","짐작",1
"3255","집계",7
"3256","집권",19
"3257","집권당",1
"3258","집주인",1
"3259","집중",34
"3260","집착",1
"3261","집회",10
"3262","징용",8
"3263","짬짜미",1
"3264","차관",2
"3265","차관보",9
"3266","차단",1
"3267","차량",1
"3268","차례",8
"3269","차원",27
"3270","차장",49
"3271","차재원",2
"3272","착각",1
"3273","착수",1
"3274","찬물",1
"3275","찬반",1
"3276","찬성",2
"3277","참가",1
"3278","참견",1
"3279","참관",2
"3280","참관했습니다",2
"3281","참모",1
"3282","참모본부",24
"3283","참모진",1
"3284","참배",1
"3285","참석",145
"3286","참석자",5
"3287","참신",1
"3288","참여",14
"3289","참의원",1
"3290","참전용사",1
"3291","참회",1
"3292","창당",3
"3293","창설",2
"3294","창성",1
"3295","창원",2
"3296","창의적",1
"3297","찾아봬라고",1
"3298","찾아봬라는",1
"3299","채널",5
"3300","채택",7
"3301","책무",1
"3302","책임",26
"3303","책임자",1
"3304","책정",1
"3305","처리",122
"3306","처벌",2
"3307","천막",58
"3308","천하",1
"3309","철거",5
"3310","철도",4
"3311","철도노조",2
"3312","철도파업",1
"3313","철수",16
"3314","철수론",1
"3315","철통",1
"3316","철폐",3
"3317","철학",1
"3318","철회",244
"3319","철회않기로",1
"3320","첨단과학기술",1
"3321","첨부",1
"3322","첨예",3
"3323","첫날",5
"3324","청구서",2
"3325","청년",10
"3326","청문",1
"3327","청문회",7
"3328","청사",59
"3329","청사진",1
"3330","청와대",684
"3331","청원",4
"3332","청장",1
"3333","청주",1
"3334","청취",1
"3335","靑ㆍ총리관저",1
"3336","체결",11
"3337","체력",1
"3338","체제",5
"3339","체포",1
"3340","초강경",4
"3341","초강수",1
"3342","초겨울",1
"3343","초계기",2
"3344","초대",4
"3345","초반",2
"3346","초보",4
"3347","초빙교수",1
"3348","초읽기",6
"3349","초입",1
"3350","초청",9
"3351","촉구",149
"3352","촉발",7
"3353","촉진",8
"3354","촌철살인",1
"3355","촌평",1
"3356","총격",1
"3357","총괄",4
"3358","총대",1
"3359","총독",1
"3360","총력",2
"3361","총력전",2
"3362","총리",51
"3363","총리실",1
"3364","총리ㆍ관방장관ㆍ외무상ㆍ방위상으로",1
"3365","총사퇴",5
"3366","총선",50
"3367","총선결과",1
"3368","총연합회",1
"3369","총체적",34
"3370","총출",2
"3371","총출동",3
"3372","총파업",1
"3373","촬영",11
"3374","최경민",9
"3375","최고",51
"3376","최고위급",5
"3377","최고위원회",8
"3378","최고위원회의",52
"3379","최고조",1
"3380","최기",2
"3381","최다",1
"3382","최대",13
"3383","최민기",5
"3384","최병렬",4
"3385","최상위",1
"3386","최선",4
"3387","최선희",2
"3388","최소화",1
"3389","최악",11
"3390","최연소",1
"3391","최장수",1
"3392","최재성",2
"3393","최저임금",5
"3394","최전선",1
"3395","최정호",1
"3396","최종",45
"3397","최종건",1
"3398","최종결정",1
"3399","최종안",2
"3400","최진석",1
"3401","최초",4
"3402","최태범",10
"3403","최현수",2
"3404","최형",5
"3405","최후",1
"3406","최후통첩",5
"3407","추가",5
"3408","추락",1
"3409","추려",1
"3410","추모",1
"3411","추위",1
"3412","추진",20
"3413","추진방안",2
"3414","추측",4
"3415","축사",2
"3416","축소",25
"3417","축하",2
"3418","춘추",1
"3419","춘추관",2
"3420","출간",1
"3421","출구",2
"3422","출국",19
"3423","출국장",1
"3424","출동",6
"3425","출발",11
"3426","출범",3
"3427","출석",12
"3428","출시",1
"3429","출신",2
"3430","출연",63
"3431","출연자",6
"3432","출입",1
"3433","출장길",1
"3434","출제",1
"3435","출제위원장",1
"3436","출퇴근",2
"3437","출퇴근길",2
"3438","충격",1
"3439","충격파",1
"3440","충고",1
"3441","충남",1
"3442","충돌",15
"3443","충북",2
"3444","충실해달라",1
"3445","충원",1
"3446","충청",11
"3447","취소",3
"3448","취임",20
"3449","취재",7
"3450","취재기자",24
"3451","취재단",6
"3452","취재진",12
"3453","취재했습니",1
"3454","취지",10
"3455","측근",1
"3456","측근비리",1
"3457","측도",1
"3458","측면",3
"3459","측은",15
"3460","측이",6
"3461","층위",1
"3462","치료",1
"3463","치명상",1
"3464","치열",11
"3465","친문",2
"3466","친박親朴",1
"3467","친서",15
"3468","친선",1
"3469","친한파",1
"3470","침구류",1
"3471","침범",1
"3472","침입",1
"3473","침해",1
"3474","카드",31
"3475","카메라",2
"3476","카불",1
"3477","카운터",4
"3478","카자흐스탄",2
"3479","카터",1
"3480","카페",2
"3481","칼럼",4
"3482","칼리지",1
"3483","캐슬린",1
"3484","캡처",2
"3485","커뮤니티",2
"3486","커티스",5
"3487","컷오프",1
"3488","케어",1
"3489","케이",1
"3490","켈리",2
"3491","코너",1
"3492","코레일",1
"3493","코리아",10
"3494","코스프레",2
"3495","코앞",8
"3496","코웃음",1
"3497","쿠르드족",1
"3498","크레티앵은",1
"3499","크레티앵이",1
"3500","클라이번",1
"3501","타개",3
"3502","타격",5
"3503","타결",7
"3504","타결점",1
"3505","타운",18
"3506","타운홀미팅",1
"3507","타이",1
"3508","타이밍",3
"3509","타키자키",2
"3510","타협",2
"3511","타협땐",1
"3512","탁현민",5
"3513","탄도",1
"3514","탄도미사일",1
"3515","탄력",2
"3516","탄탄",4
"3517","탄핵",3
"3518","탈출",1
"3519","탑건",1
"3520","탑승구",1
"3521","태국",185
"3522","태극기",2
"3523","태도",107
"3524","태생",1
"3525","태세",22
"3526","태연",3
"3527","태평양",20
"3528","택일",1
"3529","터무니",1
"3530","터미널",3
"3531","터키",1
"3532","턱밑",1
"3533","털어놨는데",1
"3534","털어놨다",1
"3535","테이블",10
"3536","텍스트",29
"3537","텐트",7
"3538","토굴",1
"3539","토대",15
"3540","토론",8
"3541","토론회",1
"3542","토마스",1
"3543","토요일",3
"3544","토의",1
"3545","토플러",2
"3546","통과",11
"3547","통보",18
"3548","통상",1
"3549","통상전문가",1
"3550","통신",20
"3551","통신과",2
"3552","통역",2
"3553","통일",1
"3554","통일외교",4
"3555","통일자문회의",4
"3556","통일장",1
"3557","통제",11
"3558","통합",13
"3559","통화",7
"3560","퇴보",1
"3561","퇴장",2
"3562","투데이",3
"3563","투사",1
"3564","투자",2
"3565","투쟁",144
"3566","투쟁본부",5
"3567","투쟁사",1
"3568","투키디데스",1
"3569","퉁명",2
"3570","트랙",147
"3571","트럼프",33
"3572","트위터",4
"3573","특검",1
"3574","특권",1
"3575","특명전권대사",1
"3576","특별",24
"3577","특별위원회",7
"3578","특별조치",1
"3579","특별협정",18
"3580","특보",3
"3581","특사",1
"3582","특위",4
"3583","특전사령관",1
"3584","특종",1
"3585","특집",4
"3586","특파원",23
"3587","특파원캐슬린",1
"3588","특혜",2
"3589","틸러슨",1
"3590","틸러슨은",1
"3591","틸럴리",2
"3592","틸렐리",5
"3593","파견",1
"3594","파괴",3
"3595","파국",4
"3596","파기",119
"3597","파기와",10
"3598","파면",5
"3599","파상",2
"3600","파상공세",2
"3601","파악",2
"3602","파업",5
"3603","파자",2
"3604","파장",13
"3605","파크",1
"3606","파탄",8
"3607","파트",4
"3608","파행",6
"3609","판결",9
"3610","판단",6
"3611","판명",1
"3612","패권",2
"3613","패널",42
"3614","패배",2
"3615","패스스트랙신속처리안건",1
"3616","패스트",149
"3617","패자",1
"3618","패턴",1
"3619","패트",3
"3620","패트는",1
"3621","패트ㆍ지소미아",1
"3622","팽배",1
"3623","팽창",1
"3624","퍼레이드",1
"3625","퍼펙트",7
"3626","페르시아에",1
"3627","페이스",1
"3628","페이스북",19
"3629","펠로폰네소스",1
"3630","편수",2
"3631","편집자주",1
"3632","편향",1
"3633","평가",4
"3634","평가했습니",1
"3635","평균지수",1
"3636","평론",1
"3637","평론가",1
"3638","평생",1
"3639","평소",1
"3640","평시",1
"3641","평양",3
"3642","평택",1
"3643","평행선",17
"3644","평화",33
"3645","평화와통일을여는사람들",1
"3646","평화와통일을여는사람들평통사이",1
"3647","평화체제",1
"3648","폐기",20
"3649","폐지",1
"3650","폐허",1
"3651","포괄적",2
"3652","포기",47
"3653","포럼",9
"3654","포석",2
"3655","포옹",1
"3656","포위",1
"3657","포위망",1
"3658","포인트",22
"3659","포장",1
"3660","포즈",2
"3661","포착",3
"3662","포토",2
"3663","포함",7
"3664","폭력",2
"3665","폼페이",8
"3666","표결",2
"3667","표명",7
"3668","표방",2
"3669","표본",8
"3670","표시",15
"3671","표정",5
"3672","표출",5
"3673","표현",5
"3674","푸른색",1
"3675","풀이",8
"3676","풍찬風餐",1
"3677","프라자",1
"3678","프라자호텔",1
"3679","프로",2
"3680","프로그램",8
"3681","프로세스",4
"3682","프리즘",1
"3683","플랜",5
"3684","피력",1
"3685","피로",1
"3686","피로감",1
"3687","피아",1
"3688","피켓",1
"3689","피해자",2
"3690","피해자들",6
"3691","필두",2
"3692","필리버스터",1
"3693","필리핀",7
"3694","필요",43
"3695","하거",6
"3696","하겠",1
"3697","하기",1
"3698","하길",2
"3699","하나",15
"3700","하나씩",1
"3701","하노이",1
"3702","하라",2
"3703","하락",11
"3704","하락세",2
"3705","하려",14
"3706","하루",50
"3707","하반기",6
"3708","하부구조",1
"3709","하산",2
"3710","하순",1
"3711","하시",28
"3712","하야",1
"3713","河野",2
"3714","河野太郞",27
"3715","하원",10
"3716","하원의원",1
"3717","하자",2
"3718","하지",4
"3719","河村建夫",2
"3720","하태경",3
"3721","하트",2
"3722","학계",1
"3723","학년",1
"3724","학자",3
"3725","한겨레",3
"3726","한계",1
"3727","한국",1034
"3728","한국군",2
"3729","한국기독교",2
"3730","한국시간",2
"3731","한국외교",1
"3732","한국의",38
"3733","한국정치",2
"3734","한국측",1
"3735","한국프레스센터",1
"3736","한국항공우주",1
"3737","한국행",7
"3738","한국ㆍ일본",1
"3739","한기총",4
"3740","한나라",3
"3741","한남",1
"3742","한마디",6
"3743","한목소리",2
"3744","한미",522
"3745","韓美",2
"3746","한미관계",8
"3747","한미연합사령관",15
"3748","한미일",106
"3749","한민수",1
"3750","한민족",1
"3751","한반",1
"3752","한반도",50
"3753","한반도평화",1
"3754","한발",1
"3755","한승",1
"3756","한승연",2
"3757","한연희",8
"3758","한영",1
"3759","한의원",2
"3760","한일",153
"3761","韓日",3
"3762","한일관계",12
"3763","한일군사정보보호협정지소미아ㆍ",1
"3764","한일군사정보보호협정ㆍ지소미아",11
"3765","한일군사정보보호협정ㆍ지소미아과",1
"3766","한일군사정보보호협정ㆍ지소미아에",1
"3767","한일문제",1
"3768","한자리",4
"3769","한화",2
"3770","한ㆍ미",4
"3771","한ㆍ미동맹",4
"3772","한ㆍ미동맹상",1
"3773","한ㆍ미동맹상은",1
"3774","한ㆍ미동맹이",1
"3775","한ㆍ미안보협의회의에서다",1
"3776","한ㆍ미연합사령관으로",1
"3777","한ㆍ미ㆍ일이",1
"3778","한ㆍ일",5
"3779","한ㆍ일군사정보보호협정ㆍ지소미아",1
"3780","한ㆍ일군사정보보호협정ㆍ지소미아과",1
"3781","할애",1
"3782","함구",1
"3783","함정",1
"3784","합당",1
"3785","합동",25
"3786","합동참모의장",3
"3787","합류",4
"3788","합리",13
"3789","합의",36
"3790","합참",23
"3791","합참본부에서",2
"3792","합참은",2
"3793","합참의장",165
"3794","합참의장ㆍ국방부",1
"3795","합참의장ㆍ인도태평양사령관",1
"3796","합참이",1
"3797","핫팩",1
"3798","항거",1
"3799","항공",1
"3800","항의",32
"3801","항쟁",2
"3802","해결",68
"3803","해당",4
"3804","해리",1
"3805","해리스",46
"3806","해법",14
"3807","해석",10
"3808","해선",2
"3809","해설",1
"3810","해양세력",1
"3811","해외",1
"3812","해제",7
"3813","해주시",1
"3814","해체",6
"3815","핵능력이",1
"3816","핵담판",1
"3817","핵무기",1
"3818","핵문제",1
"3819","핵심",26
"3820","핵심관계자",3
"3821","핵심축",2
"3822","행동",8
"3823","행보",17
"3824","행사",31
"3825","행선지",1
"3826","행위",19
"3827","행정관",4
"3828","행정부",11
"3829","행정입법",1
"3830","행태",10
"3831","향군",8
"3832","향방",1
"3833","허가",8
"3834","허경",1
"3835","허버드",1
"3836","허용",1
"3837","허창수",1
"3838","헌신",1
"3839","헌재",1
"3840","헌정",1
"3841","험프리스에서",1
"3842","헙력관은",1
"3843","헛발질",1
"3844","헤럴드경제",58
"3845","헤처",1
"3846","헬기",1
"3847","혁신",10
"3848","현관",1
"3849","현대",1
"3850","현명",6
"3851","현실",5
"3852","현안",95
"3853","현역",3
"3854","현장",10
"3855","현주소",1
"3856","현지",116
"3857","현지시각",13
"3858","현직",4
"3859","현충",1
"3860","혈기",1
"3861","血氣",1
"3862","혈맹",1
"3863","협력",55
"3864","협력관계",1
"3865","협력방안",1
"3866","협박",2
"3867","협상",210
"3868","협상과정",1
"3869","협서",1
"3870","협의",164
"3871","협의체",7
"3872","협의회",109
"3873","협정",758
"3874","협회",2
"3875","형국",2
"3876","형비",1
"3877","형사소송법",1
"3878","형성",1
"3879","형식",5
"3880","형태",1
"3881","형편",2
"3882","혜주",1
"3883","혜택",1
"3884","호구",1
"3885","호명",1
"3886","호사",1
"3887","호소문",22
"3888","호텔",40
"3889","호평",1
"3890","호프",1
"3891","호피",1
"3892","호협",7
"3893","호혜",2
"3894","혹독",1
"3895","혹평",3
"3896","혼란",1
"3897","혼용",1
"3898","홍대",1
"3899","홍문종",1
"3900","홍봉진",3
"3901","홍성희",5
"3902","홍익표",2
"3903","홍준표",7
"3904","홍콩",5
"3905","홍태화",2
"3906","홍효식",1
"3907","화답",2
"3908","화두",6
"3909","화물열차",1
"3910","화요일",2
"3911","화이트",3
"3912","화정",1
"3913","화제",3
"3914","화학",1
"3915","화한",1
"3916","화해",1
"3917","확고",4
"3918","확대",90
"3919","확보",6
"3920","확산",9
"3921","확실",10
"3922","확인",83
"3923","확인했",1
"3924","확장",1
"3925","확정",5
"3926","환경",5
"3927","환담",4
"3928","환영",15
"3929","활동",4
"3930","활발",1
"3931","활성화",1
"3932","활용",3
"3933","황교",2
"3934","황교안",487
"3935","황대표",2
"3936","황대표가",1
"3937","황보연",8
"3938","황제",4
"3939","황진",6
"3940","황현택",1
"3941","회견",1
"3942","회고록",2
"3943","회관",3
"3944","회담",196
"3945","회담장",5
"3946","회답",1
"3947","회동",15
"3948","회복",8
"3949","회사",1
"3950","회색",2
"3951","회원",1
"3952","회의",465
"3953","회의장",5
"3954","회이",1
"3955","회장",11
"3956","회총",1
"3957","회피",1
"3958","회향",6
"3959","횡단",1
"3960","횡단보도",2
"3961","효과",12
"3962","효력",36
"3963","후반",28
"3964","후배",2
"3965","후보",2
"3966","후속",1
"3967","후원",1
"3968","후퇴",1
"3969","후폭풍",2
"3970","훈련",119
"3971","훗날",1
"3972","훼손",28
"3973","휴가",1
"3974","휴니드",1
"3975","휴머니티",1
"3976","흉금",1
"3977","흉내",1
"3978","흔적",1
"3979","흥망",1
"3980","희망",8
"3981","희박",2
"3982","희비",1
"3983","희생",1
"3984","히로시",1
"3985","힐튼",7
"3986","힐튼호텔",1
"3987","힘싣기",1
"3988","ㆍ공동선언실천",2
